code,system
1381.00,readv2
1382.00,readv2
138G.00,readv2
138O.00,readv2
138S.00,readv2
1383.00,readv2
1385.00,readv2
138H.00,readv2
1384.00,readv2
138I.00,readv2
138J.00,readv2
138K.00,readv2
138L.00,readv2
138M.00,readv2
138V.00,readv2
1386.00,readv2
1388.00,readv2
1389.00,readv2
138A.00,readv2
138B.00,readv2
138C.00,readv2
138D.00,readv2
138E.00,readv2
138F.00,readv2
138P.00,readv2
138Q.00,readv2
138R.00,readv2
138N.00,readv2
138T.00,readv2
138W.00,readv2
138X.00,readv2
138Y.00,readv2
138a.00,readv2
138b.00,readv2